Customer_ID,Name,Email,Phone,Age,City
1000,Allison Hill,donaldgarcia@example.net,+1-219-560-0133,21,Robinsonshire
1001,Sean Blake,helenpeterson@example.org,651.216.1559,49,Herrerafurt
1002,Edward Fuller,barbara10@,550.730.5641,29,Lake Victor
1003,Maria Thomas,johnhoffman@example.com,001-496-496-5328x7101,22,Carlsonfurt
,Zachary Rice,frazierdanny@example.net,001-645-514-6270x48281,45,West Kathryn
1005,Paula Moreno,georgetracy@example.org,,21,Natashaport
1006,David Bradley,millertodd@example.org,001-682-827-8248x96383,71,Samuelhaven
1007,David Brown,carlosjohnson_at_jones-young.info,311.265.6670,18,Chandlerville
1008,Connor West,dwhite@example.org,478-810-8013,38,Olsonfurt
1009,Carmen Smith,ybaker@example.com,268-272-3430x9805,61,Shawhaven
1010,Tyler Miller,caseyjones@example.org,(719)639-9091x6998,-37,Lake Jennifer
1011,James Powers,stephen10@example.com,+1-791-618-3842x513,61,South Martha
1012,,cheryl80@example.net,+1-641-624-1182,66,Lake Matthew
1005,Sarah Wagner,rebecca01@example.net,(340)405-2427x86801,51,Port Mikeside
1014,Cameron Parker,nolanjason@example.org,+1-815-586-9232x26025,76,Erikville
1015,Andrew Ruiz,lisastevens@example.com,730.836.5414,66,Sheilaville
1009,Debbie Carpenter,benjamin96@example.com,001-556-798-1693x4060,64,Jonesmouth
1017,Mary Martinez,william65@example.com,001-248-623-6629x946,26,Jasonshire
,Erica Ramos,williamleon@example.net,(514)589-5134,47,North Brandon
1019,Miss Patricia Gibson,jennifercruz@example.com,220.516.3287,28,South Dennismouth
1020,Victoria Larson,usalazar@example.net,(387)627-7434x87347,30,West Matthew
1021,Angela Hernandez,tbenson@example.org,866-858-7603,76,Port Nicoleshire
1022,Aaron Bell,acastaneda@example.net,001-489-937-3467x0656,64,New Amanda
1023,Leslie Alvarado,,562-972-0465,63,Matthewfurt
1024,Trevor Fisher,harringtondenise_at_herring.com,001-645-829-9124x190,27,Davidborough
1025,Michael Burton,terrykevin@example.net,+1-819-905-8651x850,39,South Susanmouth
1026,Jessica Gross,christina87@example.com,(294)953-1473x79965,49,Hunterborough
1027,David Ramirez,,+1-948-908-3136x783,66,Mcguireland
1028,Jared Sanchez,thomas85@example.com,001-485-557-4443x1351,-10,Lake Todd
1029,Vanessa Warren,tina34@example.org,(924)308-2400x842,46,New Justinfort
1030,Cody Williams,ewilson@example.com,519.802.2941x3186,25,Kerrport
1031,Wanda Torres,lynchjody@,434-693-6183,58,North Brian
1032,Linda Holloway,scott74@example.net,(248)387-7190x6594,26,Lake Mary
1033,Tiffany Key,fwalters_at_harrison.com,001-880-271-5451x68087,45,New Michael
1034,Lori Wolf,josephanderson@example.com,371.509.3248x086,68,South Staceyberg
1035,Dr. Jordan Hill PhD,jsanchez@example.org,(639)982-1465x8404,76,South Amanda
1036,Juan Daniels,,853.439.6360x576,35,Hannaberg
1037,Leslie Kane,dgarcia@example.org,,51,South Monica
1038,Angela Harrington,matthew61@example.com,+1-386-357-8091x34316,72,Jacksonport
1039,Amber Flynn,michael62@example.org,569.922.2196x93792,69,Stevetown
1040,Julie Roberts,charleslandry@example.net,664-674-3671x3695,,Port Dominiqueview
1041,Sean Osborne,lozanojulie@example.com,001-739-453-3942x10470,35,West Markchester
1042,Carlos Ryan,alyssa42@example.com,245.617.1236x8516,29,South Miguelview
1043,Samantha Bentley,leonardthomas@example.net,+1-459-231-7461,32,West Wendyville
1044,Stephen Taylor,,258.769.2617x964,38,South Sean
1045,Jack Pollard,amy50@example.com,531-371-3900x532,72,New Jason
1046,Erin Hernandez,ramireztracey@example.org,+1-742-210-2053,67,West Brian
1047,Kelly Reese,xwest@example.net,001-917-283-9084,77,South Melaniechester
1048,Katherine Browning,lammarc@example.org,624-999-8569,19,Garciaville
1049,Marilyn Mack,russellbeasley@example.com,376-361-5654x52711,32,Davisstad
1050,Kristie Willis,elizabeth65@example.net,001-360-749-4519x83273,52,Dannyview
1051,Renee Bruce,lynchdiane@example.net,302-444-5502x296,61,North Julieborough
1052,,vbarnes@example.org,(645)999-1022x901,73,Tuckermouth
1053,Daniel Hunt,,(261)249-7840x369,18,West Sierra
1054,Pamela Roberts,smithjulie@example.org,(268)838-8516,51,South Samanthamouth
1055,Laura Mckinney,zroberts@example.org,829-675-1613x69681,40,Jeffreyburgh
1056,Mark Schmidt,rebeccabailey@example.net,+1-923-912-4329x2127,31,Michellemouth
1057,Barry Ramos,laura90@example.com,814.977.0054x11998,56,South Reginashire
1058,Erica Alvarez,susanhayes@example.com,001-718-720-3778x892,82,Paulmouth
1059,Amy Mccoy,cameron18@example.net,(344)692-5192x5462,37,Schneidermouth
1060,Meagan Calderon,lucasrodney@example.com,4544235733,38,West Meganville
1061,Kimberly Rodgers,stanleynancy@example.net,(296)822-2927,85,Ericabury
1062,Lisa Goodwin,pyoung@example.com,435.697.7468x8623,59,Lake Timothystad
1063,Ashley Singleton,mitchellkathryn@example.com,782.561.3750x606,32,Vangstad
1064,Fernando Garcia,lacey20@example.com,827.379.0104x3289,57,Johnville
1065,Jason Bauer,fbrown@example.net,,48,Lake Zacharybury
1066,Doris Smith,john62@example.net,+1-818-751-8888x80670,28,Juliestad
1062,Haley Quinn,ingramjill@example.com,(405)385-2772,26,Johnsonborough
1068,Curtis Williams,zachary87@example.com,8348505415,34,Klinefurt
1069,,terri77@example.com,641.661.6928x45115,78,Morrisonchester
1070,Jeremy West,christina64@example.net,9162582029,39,North Joel
1071,Heidi Herring,jacobserika@example.com,(271)492-8565x431,-12,Holmesside
1072,Reginald Padilla,wendymitchell@example.com,712.317.2715,45,Patriciaburgh
1073,Tammy Little,william13@example.org,470.358.9578,43,West Raymondfort
1074,Patricia Morrow,martinezlogan@example.org,378.452.8922x680,69,Fredmouth
1075,Courtney Meza,meghan43@example.net,+1-442-449-8182,65,Meganshire
1076,Scott Miller,debra96@example.net,+1-407-984-4736x4710,84,Washingtonborough
1077,Charles Hensley,jessica56@example.org,001-258-681-5371x47321,49,Linchester
1078,Sean Moore,fkoch_at_davis.net,580-716-2456x5060,20,Charleshaven
1079,Joshua Bryan,andersoncolin@example.com,985-923-9868x00025,47,New Patricia
1080,Timothy Flores,vewing@example.com,001-258-788-7947,18,Emilychester
1080,Rebecca Swanson,carlsonjoseph@example.net,001-399-530-9728x96230,25,South Leeberg
1082,Damon Shaw,vsalas@,834-843-7575x8441,60,Stephanieberg
1030,Dwayne Klein,sandra47@example.org,584.584.2199,53,Lake Rebeccabury
1084,Amy Gutierrez,xgarcia@example.org,6822677345,45,Lake Audreyside
1085,Sarah Johnson,robertmonroe@example.org,(972)440-0499x1547,78,Nelsonville
1086,Nicholas Wong,alexisrogers@example.com,,78,East Cheryl
1087,Jennifer Patterson,christopher12@example.org,253.604.6374x5499,42,Heatherton
1084,Julie Moore,hannah45@example.net,932.572.7956,73,Lake Karen
1089,Angela Griffin,christian91@example.org,+1-983-398-2258,,Lake Brandy
1090,Jordan Stokes,aanderson@example.com,001-508-374-0640,24,South Melvinland
1091,Amy Shannon,ajohnson@example.org,001-826-456-7661x82512,30,Port Adam
1043,Edwin Nunez,opatel@example.org,352.343.1069x033,31,South Carlaton
1093,Andrew Gonzales,karenparsons@example.org,,42,Jimshire
1094,Kyle Chambers,joel28@example.org,(744)808-9268x70568,35,Hernandezfurt
1095,Joshua Allen,kevinzimmerman@example.com,6865688263,53,Deborahmouth
1096,Anna Hardy,brettbennett@example.net,+1-501-539-8373x540,27,Lake Yvonnefort
1097,Melissa Padilla,jherman@example.com,001-746-578-5445x87717,30,Lawrenceton
1069,Connie Thomas,angela99@example.net,(942)935-3693x78547,19,Lake Laura
1099,Nathan Freeman,warrenmary@example.org,+1-900-962-3120x38750,48,North Amandachester
1100,Joseph Hill,,608-762-1182x3398,80,Lauraland
1101,Jared Cunningham,kevinclayton@example.org,+1-801-766-6870x0217,69,New Samanthabury
1102,Sean Clay,enelson@example.net,689-402-5039x261,39,New Mary
1103,Steven Rivera,krystalnorris@example.org,650.916.3159x99650,67,Perezside
1104,Jessica Frazier,nmiller@example.com,711.342.6265,-21,North Sherrymouth
1105,Derrick Anderson,ryanhawkins@example.net,(810)315-8199x56046,-6,New Adriana
1106,Caroline Adams,trevor12@example.com,964-371-5437x993,80,West Adam
1107,Ryan James,,775-669-2459x37526,55,Faulknerbury
1108,Douglas Hartman,daniel93@,(317)397-9688x6805,25,Lake Elizabeth
1109,Lonnie Hart,vrasmussen@example.com,501-943-8889,25,Petershire
1061,Brittany Cuevas,agarcia@example.org,725-945-7387,82,South Jennifermouth
1111,Eric Patrick,johnsonmatthew@example.org,+1-423-882-8258x67362,85,Johnsonborough
1112,Jeffrey Smith,,734.519.1825,83,Wilsonfort
1023,Margaret Harper,wmatthews@example.com,392.449.9125x134,26,Heatherhaven
1114,Kyle Andrews,olopez@example.net,001-728-227-4225x790,48,Taylorfurt
1115,Kathy Simpson,cperry@example.com,(619)403-4043,49,Cunninghamfort
1116,Ashley Wilson,amber07@example.net,361.934.0745,23,Port Lisaborough
1117,Leah Bell,imartin@example.org,709.658.4982,71,Ashleyhaven
1118,Miss Anna Estes,rsellers@example.net,(623)825-3672,84,Hayesland
1119,Paul Neal,shawn75@example.net,5179518636,9,Marcusport
1120,Kenneth Knight,martinezmia_at_bryant-braun.biz,+1-254-515-2064x3611,48,Millershire
1121,Michael Smith,lisa62@example.com,436-811-1554,-42,Lake Victoria
1122,Joseph Smith,scottbowen@example.net,001-826-797-3112x1965,56,East Joshua
1123,Juan Greene,kimberly04@example.org,398.236.4037x61379,27,Sarahberg
,Ryan Fisher,kathrynbest@example.org,6918043006,30,Milesland
1027,Kimberly Hernandez,collinswilliam@example.org,(285)569-1463,82,South Darrenton
1126,Patrick Yang,smithderrick@example.org,(675)388-4252,-28,West Lindsayview
1127,Deborah Proctor,crawfordwilliam@example.org,292.552.4191x3800,49,South Michaelberg
1128,Tyler Johnson,pwalker@example.com,001-854-319-5180x2380,,Clineport
1129,Juan Smith,,949.549.3759,56,East Adam
1130,David Reed,tapiaaaron@example.net,(541)838-3670x2410,85,Stephenland
,Kathy Walsh,kjones@example.org,(423)344-5655x74313,56,North Frank
1132,Jason Herrera,shannonford@example.org,524-790-3521,31,Palmerport
1133,William Johnson,jbond@example.net,+1-531-471-2100,35,Port Richard
1134,Teresa Miller,samantha10@example.org,472.815.1070,-44,Crawfordfurt
1135,Carrie Lewis,joshuagriffin@example.org,9992934768,37,West Patrickchester
1136,Stephen Fox,mayokimberly@example.com,587.259.8564x2059,-12,Brianfort
1137,Pamela Key,barbaramcgrath_at_kelly-combs.com,001-992-293-7842,44,North Jessebury
1138,John Rivera,lindsaypeterson@example.org,700-629-2185x15691,51,Derekburgh
1139,Jessica Fowler,lbanks@example.net,+1-495-439-2644,50,Lake Stacyfurt
1140,Patricia Bradley,carriemccall@example.net,791.472.5135,24,Port Jennamouth
1108,Derek Wright,bellkristin@example.net,7068762676,53,Port Timothyshire
,Melissa Martin,lloydarthur@example.org,941-215-2621x81599,60,Dunlapburgh
1143,Jessica Brown,jamie36@example.net,+1-984-444-3106,51,West Adamland
1144,Matthew Greene,,610.832.4171,74,Burnsview
1145,Joshua Lopez,cwood@example.org,877-543-4902x115,72,Port Paulhaven
1146,Joseph Camacho,parmstrong@example.com,416-508-9899x2172,32,East Brad
1038,Michael Harris,maryscott@example.net,916-286-8548,22,Rodriguezberg
1148,Kevin Chang,buckleyanna@example.org,885-464-6799x7024,36,Williamsmouth
1149,Amber Alvarez,penny05@example.com,547-913-2475x4691,23,Port Richard
1150,Mr. James Brown,cameronmckinney@example.com,(289)902-3303,2,West Janetview
1151,John Sanders,maldonadojohn@example.com,+1-272-879-8552x414,44,East Melissaborough
1152,Maria Byrd,denise80@example.net,6726290349,31,Woodardstad
1153,Daniel Turner,asilva@example.net,+1-658-699-4417x15454,,East Zachary
1154,Anthony Mathews,rguerrero@example.org,001-507-944-6660x9935,70,Williamburgh
1155,Sherri White,ruizjoyce@example.net,+1-725-713-5346,37,Brendamouth
1156,Julie Delacruz,kennedyjames@example.org,+1-768-446-0223x56972,48,South Marvinburgh
1157,Anthony Hayes,kathleenjackson@example.org,512.796.6667x6008,40,West Katherinehaven
1158,Michael Sims,jeremywiley@example.com,(616)689-4210,21,Lunahaven
1159,Stephen Cowan,,475-332-6033x23098,60,Jenniferton
1160,Martin Wise,wheelerbrandon@example.org,+1-200-616-7618x4723,70,Stanleyhaven
1161,Larry Taylor,huntchristine@example.com,717-839-3483,49,Ethanside
1162,Daniel Fitzpatrick MD,smithchristopher@example.org,001-972-618-1143,-6,Stevenville
1163,,morganphelps@example.com,+1-356-711-0022x55794,22,Ianfurt
1164,Jesus Houston,pmarsh@example.org,920-421-6979,46,Maxwelltown
1165,Sheryl Acosta,reynoldsjessica@ reed-rhodes.biz,(489)300-2877,62,Floresmouth
1166,Amber Walker,ppowell@example.org,879.871.7751x701,8,New Andrealand
1167,Tracey Walsh,@cox-brown.com,+1-385-610-2726,69,East David
1168,Cindy Summers,jenniferrodriguez@example.com,2912779827,3,Robersonfort
1169,Priscilla Kent,jessicaanderson@example.com,+1-499-458-6693x46547,53,Morrisonhaven
1170,Michael Valencia,jamesweber@example.com,+1-652-828-8515x87996,,New Danielfurt
1171,Michael Gonzalez,tonyavega@example.org,5438805719,60,New Kristen
1172,Donna Beck,yhughes@example.net,580-604-3973x59893,32,Thompsonland
1173,Christopher Palmer,rwilliams@example.net,222-694-0572x025,51,Tylerside
1174,Richard Stewart,,828.318.2688,51,Jeffreyborough
,Erin Carter,wbarajas@example.net,7158739930,73,South Jonathanport
1176,Jose Townsend,stucker@example.net,358.511.2880,11,Port Gina
1177,Christine Poole,elucas@example.net,+1-520-675-0110x24819,83,Hughesfurt
1178,,ystewart@example.net,380-691-9015,42,Catherineport
1179,Jessica Foster,wellsamanda@example.org,,73,Roblesside
,Mark Evans,susan08@example.net,(310)609-9688,43,Lake Judith
1181,Christine Whitehead,eugenewalker@example.com,612.390.8781,,Coreyshire
1170,Mr. Carl Rios,mitchellchad@example.org,277-759-4929x95562,60,Port Jeffrey
1183,Jessica Larsen,erinrivera@example.com,575.647.8129x142,33,Lake Charlestown
1184,Lynn Hess,nhammond@example.org,+1-648-487-2563,56,Masonland
1185,Jonathan Bates,katherinetaylor@example.org,(599)327-5037,70,Miketon
1186,Kelly Moody,dharrison@example.org,4518844989,10,Diazland
1187,Jamie Solomon,wgomez@example.com,490.482.7231x8432,42,Carolynville
1188,Jennifer Rivera,olsontimothy@example.org,001-426-403-0299,66,New Dylanburgh
1189,Christopher Mullen,johnsjessica@example.com,437-497-7236,40,Garymouth
1190,Linda Jones,gcruz@example.org,288.362.9127,56,South Donnaside
1191,Stephanie Hampton,xboyd@example.org,001-686-937-6599x162,18,Port Christopher
1192,Kimberly Scott,fletcherkristine@example.net,618.806.3565x12694,7,Cherylfurt
1193,Jennifer Bowers,jwhite@example.net,844.795.6213x7213,59,East Paultown
1194,Samantha Ruiz,qdavis@example.org,(919)906-6984x902,74,East Melissahaven
1195,Andrew Greene,christinacraig@example.com,502.214.6566,83,North Andreaside
1196,Hannah Richmond,jeremy37@example.com,001-604-726-8181,39,Port Williamview
1197,Robin Andrews,kchurch@example.com,001-735-877-9071x41633,54,Zacharytown
1198,Deborah Mitchell,vnunez@example.org,+1-527-955-3942,60,East Jill
1192,Christine Harris,marykelly@example.org,717-990-8075,48,Travishaven
